Suite/Test/Step Name,Browser,Description,Tag,Start time,End time,Duration,Status
edycja_profilu,Firefox 95.0,,,2021-12-22 00:17:38,2021-12-22 00:23:21,"5m - 43,240s",FAILED
,,,,,,,
Test Cases/komunikator testy edycja profilu/PE1,Firefox 95.0,,,2021-12-22 00:17:38,2021-12-22 00:18:02,"23,395s",PASSED
"openBrowser("""")",Firefox 95.0,,,2021-12-22 00:17:39,2021-12-22 00:17:48,"8,508s",PASSED
maximizeWindow(),Firefox 95.0,,,2021-12-22 00:17:48,2021-12-22 00:17:48,"0,477s",PASSED
"navigateToUrl(""http://kmg.hcm.pl/testowanie/index.html"")",Firefox 95.0,,,2021-12-22 00:17:48,2021-12-22 00:17:50,"1,570s",PASSED
"setText(findTestObject(""Page_PSTO webMessenger/input_Zarejestruj konto_userLogin""), ""ewelinah"")",Firefox 95.0,,,2021-12-22 00:17:50,2021-12-22 00:17:51,"1,113s",PASSED
"setEncryptedText(findTestObject(""Page_PSTO webMessenger/input_Zarejestruj konto_passwordLogin""), ""aeHFOx8jV/A="")",Firefox 95.0,,,2021-12-22 00:17:51,2021-12-22 00:17:51,"0,615s",PASSED
"click(findTestObject(""Page_PSTO webMessenger/input_Zarejestruj konto_login""))",Firefox 95.0,,,2021-12-22 00:17:51,2021-12-22 00:17:52,"0,718s",PASSED
"click(findTestObject(""Page_PSTO webMessenger - Zalogowano/img_Zarejestruj konto_profile""))",Firefox 95.0,,,2021-12-22 00:17:52,2021-12-22 00:17:55,"2,883s",PASSED
"setEncryptedText(findTestObject(""Page_PSTO webMessenger - Zalogowano/input_Zmien haslo_oldPass""), ""aeHFOx8jV/A="")",Firefox 95.0,,,2021-12-22 00:17:55,2021-12-22 00:17:56,"0,550s",PASSED
"setEncryptedText(findTestObject(""Page_PSTO webMessenger - Zalogowano/input_Zmien haslo_editPass""), ""qeJ0sjJnwEs="")",Firefox 95.0,,,2021-12-22 00:17:56,2021-12-22 00:17:56,"0,497s",PASSED
"setEncryptedText(findTestObject(""Page_PSTO webMessenger - Zalogowano/input_Zmien haslo_editPassRepeat""), ""qeJ0sjJnwEs="")",Firefox 95.0,,,2021-12-22 00:17:56,2021-12-22 00:17:56,"0,449s",PASSED
"click(findTestObject(""Page_PSTO webMessenger - Zalogowano/input_Zmien haslo_changePassword""))",Firefox 95.0,,,2021-12-22 00:17:56,2021-12-22 00:17:57,"0,630s",PASSED
"verifyElementText(findTestObject(""Page_PSTO webMessenger - Zalogowano/p_Haslo zostalo zmienione""), ""HASŁO ZOSTAŁO ZMIENIONE!"")",Firefox 95.0,,,2021-12-22 00:17:57,2021-12-22 00:17:58,"0,634s",PASSED
"setEncryptedText(findTestObject(""Page_PSTO webMessenger - Zalogowano/input_Zmien haslo_oldPass""), ""qeJ0sjJnwEs="")",Firefox 95.0,,,2021-12-22 00:17:58,2021-12-22 00:17:58,"0,530s",PASSED
"setEncryptedText(findTestObject(""Page_PSTO webMessenger - Zalogowano/input_Zmien haslo_editPass""), ""aeHFOx8jV/A="")",Firefox 95.0,,,2021-12-22 00:17:58,2021-12-22 00:17:59,"0,475s",PASSED
"setEncryptedText(findTestObject(""Page_PSTO webMessenger - Zalogowano/input_Zmien haslo_editPassRepeat""), ""aeHFOx8jV/A="")",Firefox 95.0,,,2021-12-22 00:17:59,2021-12-22 00:17:59,"0,421s",PASSED
"click(findTestObject(""Page_PSTO webMessenger - Zalogowano/input_Zmien haslo_changePassword""))",Firefox 95.0,,,2021-12-22 00:17:59,2021-12-22 00:18:00,"1,197s",PASSED
closeBrowser(),Firefox 95.0,,,2021-12-22 00:18:00,2021-12-22 00:18:02,"1,463s",PASSED
,,,,,,,
Test Cases/komunikator testy edycja profilu/PE2,Firefox 95.0,,,2021-12-22 00:18:02,2021-12-22 00:18:19,"17,284s",FAILED
"openBrowser("""")",Firefox 95.0,,,2021-12-22 00:18:03,2021-12-22 00:18:08,"5,347s",PASSED
maximizeWindow(),Firefox 95.0,,,2021-12-22 00:18:08,2021-12-22 00:18:08,"0,371s",PASSED
"navigateToUrl(""http://kmg.hcm.pl/testowanie/index.html"")",Firefox 95.0,,,2021-12-22 00:18:08,2021-12-22 00:18:10,"1,708s",PASSED
"setText(findTestObject(""Page_PSTO webMessenger/input_Zarejestruj konto_userLogin""), ""ewelinah"")",Firefox 95.0,,,2021-12-22 00:18:10,2021-12-22 00:18:11,"0,817s",PASSED
"setEncryptedText(findTestObject(""Page_PSTO webMessenger/input_Zarejestruj konto_passwordLogin""), ""aeHFOx8jV/A="")",Firefox 95.0,,,2021-12-22 00:18:11,2021-12-22 00:18:11,"0,485s",PASSED
"click(findTestObject(""Page_PSTO webMessenger/input_Zarejestruj konto_login""))",Firefox 95.0,,,2021-12-22 00:18:11,2021-12-22 00:18:12,"0,673s",PASSED
"click(findTestObject(""Page_PSTO webMessenger - Zalogowano/img_Zarejestruj konto_profile""))",Firefox 95.0,,,2021-12-22 00:18:12,2021-12-22 00:18:13,"0,784s",PASSED
"setEncryptedText(findTestObject(""Page_PSTO webMessenger - Zalogowano/input_Zmien haslo_oldPass""), ""aeHFOx8jV/A="")",Firefox 95.0,,,2021-12-22 00:18:13,2021-12-22 00:18:13,"0,472s",PASSED
"setEncryptedText(findTestObject(""Page_PSTO webMessenger - Zalogowano/input_Zmien haslo_editPass""), ""tzH6RvlfSTg="")",Firefox 95.0,,,2021-12-22 00:18:13,2021-12-22 00:18:14,"0,498s",PASSED
"setEncryptedText(findTestObject(""Page_PSTO webMessenger - Zalogowano/input_Zmien haslo_editPassRepeat""), ""tzH6RvlfSTg="")",Firefox 95.0,,,2021-12-22 00:18:14,2021-12-22 00:18:14,"0,447s",PASSED
"click(findTestObject(""Page_PSTO webMessenger - Zalogowano/input_Zmien haslo_changePassword""))",Firefox 95.0,,,2021-12-22 00:18:14,2021-12-22 00:18:15,"1,095s",PASSED
"zmienna1 = getText(findTestObject(""Page_PSTO webMessenger - Zalogowano/p_Haslo zostalo zmienione""), STOP_ON_FAILURE)",Firefox 95.0,,,2021-12-22 00:18:15,2021-12-22 00:18:16,"0,464s",PASSED
"verifyNotEqual(zmienna1, ""HASŁO ZOSTAŁO ZMIENIONE!"", CONTINUE_ON_FAILURE)",Firefox 95.0,,,2021-12-22 00:18:16,2021-12-22 00:18:16,"0,143s",FAILED
"setEncryptedText(findTestObject(""Page_PSTO webMessenger - Zalogowano/input_Zmien haslo_oldPass""), ""tzH6RvlfSTg="")",Firefox 95.0,,,2021-12-22 00:18:16,2021-12-22 00:18:16,"0,549s",PASSED
"setEncryptedText(findTestObject(""Page_PSTO webMessenger - Zalogowano/input_Zmien haslo_editPass""), ""aeHFOx8jV/A="")",Firefox 95.0,,,2021-12-22 00:18:16,2021-12-22 00:18:17,"0,421s",PASSED
"setEncryptedText(findTestObject(""Page_PSTO webMessenger - Zalogowano/input_Zmien haslo_editPassRepeat""), ""aeHFOx8jV/A="")",Firefox 95.0,,,2021-12-22 00:18:17,2021-12-22 00:18:17,"0,433s",PASSED
"click(findTestObject(""Page_PSTO webMessenger - Zalogowano/input_Zmien haslo_changePassword""))",Firefox 95.0,,,2021-12-22 00:18:17,2021-12-22 00:18:18,"0,599s",PASSED
closeBrowser(),Firefox 95.0,,,2021-12-22 00:18:18,2021-12-22 00:18:19,"1,310s",PASSED
,,,,,,,
Test Cases/komunikator testy edycja profilu/PE3,Firefox 95.0,,,2021-12-22 00:18:19,2021-12-22 00:18:34,"15,192s",FAILED
"openBrowser("""")",Firefox 95.0,,,2021-12-22 00:18:20,2021-12-22 00:18:25,"5,196s",PASSED
maximizeWindow(),Firefox 95.0,,,2021-12-22 00:18:25,2021-12-22 00:18:25,"0,420s",PASSED
"navigateToUrl(""http://kmg.hcm.pl/testowanie/index.html"")",Firefox 95.0,,,2021-12-22 00:18:25,2021-12-22 00:18:27,"1,784s",PASSED
"setText(findTestObject(""Page_PSTO webMessenger/input_Zarejestruj konto_userLogin""), ""ewelinah"")",Firefox 95.0,,,2021-12-22 00:18:27,2021-12-22 00:18:28,"0,896s",PASSED
"setEncryptedText(findTestObject(""Page_PSTO webMessenger/input_Zarejestruj konto_passwordLogin""), ""aeHFOx8jV/A="")",Firefox 95.0,,,2021-12-22 00:18:28,2021-12-22 00:18:29,"0,492s",PASSED
"click(findTestObject(""Page_PSTO webMessenger/input_Zarejestruj konto_login""))",Firefox 95.0,,,2021-12-22 00:18:29,2021-12-22 00:18:29,"0,634s",PASSED
"click(findTestObject(""Page_PSTO webMessenger - Zalogowano/img_Zarejestruj konto_profile""))",Firefox 95.0,,,2021-12-22 00:18:29,2021-12-22 00:18:30,"0,793s",PASSED
"setEncryptedText(findTestObject(""Page_PSTO webMessenger - Zalogowano/input_Zmien haslo_oldPass""), ""aeHFOx8jV/A="")",Firefox 95.0,,,2021-12-22 00:18:30,2021-12-22 00:18:30,"0,436s",PASSED
"setEncryptedText(findTestObject(""Page_PSTO webMessenger - Zalogowano/input_Zmien haslo_editPass""), ""aeHFOx8jV/A="")",Firefox 95.0,,,2021-12-22 00:18:30,2021-12-22 00:18:31,"0,595s",PASSED
"setEncryptedText(findTestObject(""Page_PSTO webMessenger - Zalogowano/input_Zmien haslo_editPassRepeat""), ""aeHFOx8jV/A="")",Firefox 95.0,,,2021-12-22 00:18:31,2021-12-22 00:18:31,"0,414s",PASSED
"click(findTestObject(""Page_PSTO webMessenger - Zalogowano/input_Zmien haslo_changePassword""))",Firefox 95.0,,,2021-12-22 00:18:31,2021-12-22 00:18:32,"0,866s",PASSED
"zmienna1 = getText(findTestObject(""Page_PSTO webMessenger - Zalogowano/p_Haslo zostalo zmienione""))",Firefox 95.0,,,2021-12-22 00:18:32,2021-12-22 00:18:33,"0,432s",PASSED
"verifyNotEqual(zmienna1, ""HASŁO ZOSTAŁO ZMIENIONE!"", CONTINUE_ON_FAILURE)",Firefox 95.0,,,2021-12-22 00:18:33,2021-12-22 00:18:33,"0,006s",FAILED
closeBrowser(),Firefox 95.0,,,2021-12-22 00:18:33,2021-12-22 00:18:34,"1,609s",PASSED
,,,,,,,
Test Cases/komunikator testy edycja profilu/PE4,Firefox 95.0,,,2021-12-22 00:18:34,2021-12-22 00:18:50,"15,235s",PASSED
"openBrowser("""")",Firefox 95.0,,,2021-12-22 00:18:35,2021-12-22 00:18:41,"6,206s",PASSED
maximizeWindow(),Firefox 95.0,,,2021-12-22 00:18:41,2021-12-22 00:18:42,"0,568s",PASSED
"navigateToUrl(""http://kmg.hcm.pl/testowanie/index.html"")",Firefox 95.0,,,2021-12-22 00:18:42,2021-12-22 00:18:43,"1,405s",PASSED
"setText(findTestObject(""Page_PSTO webMessenger/input_Zarejestruj konto_userLogin""), ""ewelinah"")",Firefox 95.0,,,2021-12-22 00:18:43,2021-12-22 00:18:44,"0,860s",PASSED
"setEncryptedText(findTestObject(""Page_PSTO webMessenger/input_Zarejestruj konto_passwordLogin""), ""aeHFOx8jV/A="")",Firefox 95.0,,,2021-12-22 00:18:44,2021-12-22 00:18:44,"0,389s",PASSED
"click(findTestObject(""Page_PSTO webMessenger/input_Zarejestruj konto_login""))",Firefox 95.0,,,2021-12-22 00:18:44,2021-12-22 00:18:45,"0,616s",PASSED
"click(findTestObject(""Page_PSTO webMessenger - Zalogowano/img_Zarejestruj konto_profile""))",Firefox 95.0,,,2021-12-22 00:18:45,2021-12-22 00:18:46,"0,820s",PASSED
"setEncryptedText(findTestObject(""Page_PSTO webMessenger - Zalogowano/input_Zmien haslo_oldPass""), ""aeHFOx8jV/A="")",Firefox 95.0,,,2021-12-22 00:18:46,2021-12-22 00:18:46,"0,540s",PASSED
"setEncryptedText(findTestObject(""Page_PSTO webMessenger - Zalogowano/input_Zmien haslo_editPass""), ""4nvbrPglk7k="")",Firefox 95.0,,,2021-12-22 00:18:46,2021-12-22 00:18:47,"0,460s",PASSED
"setEncryptedText(findTestObject(""Page_PSTO webMessenger - Zalogowano/input_Zmien haslo_editPassRepeat""), ""iGDxf8hSRT4="")",Firefox 95.0,,,2021-12-22 00:18:47,2021-12-22 00:18:47,"0,477s",PASSED
"click(findTestObject(""Page_PSTO webMessenger - Zalogowano/input_Zmien haslo_changePassword""))",Firefox 95.0,,,2021-12-22 00:18:47,2021-12-22 00:18:48,"0,615s",PASSED
"verifyElementText(findTestObject(""Page_PSTO webMessenger - Zalogowano/p_Podane Hasla roznia sie""), ""PODANE HASŁA RÓŻNIĄ SIĘ!"")",Firefox 95.0,,,2021-12-22 00:18:48,2021-12-22 00:18:48,"0,455s",PASSED
closeBrowser(),Firefox 95.0,,,2021-12-22 00:18:48,2021-12-22 00:18:50,"1,250s",PASSED
,,,,,,,
Test Cases/komunikator testy edycja profilu/PE5,Firefox 95.0,,,2021-12-22 00:18:50,2021-12-22 00:19:04,"14,885s",PASSED
"openBrowser("""")",Firefox 95.0,,,2021-12-22 00:18:50,2021-12-22 00:18:56,"5,658s",PASSED
maximizeWindow(),Firefox 95.0,,,2021-12-22 00:18:56,2021-12-22 00:18:56,"0,406s",PASSED
"navigateToUrl(""http://kmg.hcm.pl/testowanie/index.html"")",Firefox 95.0,,,2021-12-22 00:18:56,2021-12-22 00:18:58,"1,583s",PASSED
"setText(findTestObject(""Page_PSTO webMessenger/input_Zarejestruj konto_userLogin""), ""ewelinah"")",Firefox 95.0,,,2021-12-22 00:18:58,2021-12-22 00:18:59,"0,892s",PASSED
"setEncryptedText(findTestObject(""Page_PSTO webMessenger/input_Zarejestruj konto_passwordLogin""), ""aeHFOx8jV/A="")",Firefox 95.0,,,2021-12-22 00:18:59,2021-12-22 00:18:59,"0,464s",PASSED
"click(findTestObject(""Page_PSTO webMessenger/input_Zarejestruj konto_login""))",Firefox 95.0,,,2021-12-22 00:18:59,2021-12-22 00:19:00,"0,603s",PASSED
"click(findTestObject(""Page_PSTO webMessenger - Zalogowano/img_Zarejestruj konto_profile""))",Firefox 95.0,,,2021-12-22 00:19:00,2021-12-22 00:19:01,"0,766s",PASSED
"setEncryptedText(findTestObject(""Page_PSTO webMessenger - Zalogowano/input_Zmien haslo_oldPass""), ""aeHFOx8jV/A="")",Firefox 95.0,,,2021-12-22 00:19:01,2021-12-22 00:19:01,"0,598s",PASSED
"setEncryptedText(findTestObject(""Page_PSTO webMessenger - Zalogowano/input_Zmien haslo_editPass""), ""4nvbrPglk7k="")",Firefox 95.0,,,2021-12-22 00:19:01,2021-12-22 00:19:02,"0,448s",PASSED
"click(findTestObject(""Page_PSTO webMessenger - Zalogowano/input_Zmien haslo_changePassword""))",Firefox 95.0,,,2021-12-22 00:19:02,2021-12-22 00:19:02,"0,590s",PASSED
"zmienna1 = getText(findTestObject(""Page_PSTO webMessenger - Zalogowano/p_Nie wypeniono wszystkich pol Podane Hasla ronzia sie""), STOP_ON_FAILURE)",Firefox 95.0,,,2021-12-22 00:19:02,2021-12-22 00:19:03,"0,626s",PASSED
"verifyMatch(zmienna1, ""NIE WYPEŁNIONO WSZYSTKICH PÓL!.*"", true)",Firefox 95.0,,,2021-12-22 00:19:03,2021-12-22 00:19:03,"0,008s",PASSED
closeBrowser(),Firefox 95.0,,,2021-12-22 00:19:03,2021-12-22 00:19:04,"1,636s",PASSED
,,,,,,,
Test Cases/komunikator testy edycja profilu/PE6,Firefox 95.0,,,2021-12-22 00:19:04,2021-12-22 00:19:19,"14,469s",PASSED
"openBrowser("""")",Firefox 95.0,,,2021-12-22 00:19:05,2021-12-22 00:19:10,"5,322s",PASSED
maximizeWindow(),Firefox 95.0,,,2021-12-22 00:19:10,2021-12-22 00:19:11,"0,344s",PASSED
"navigateToUrl(""http://kmg.hcm.pl/testowanie/index.html"")",Firefox 95.0,,,2021-12-22 00:19:11,2021-12-22 00:19:12,"1,639s",PASSED
"setText(findTestObject(""Page_PSTO webMessenger/input_Zarejestruj konto_userLogin""), ""ewelinah"")",Firefox 95.0,,,2021-12-22 00:19:12,2021-12-22 00:19:13,"0,763s",PASSED
"setEncryptedText(findTestObject(""Page_PSTO webMessenger/input_Zarejestruj konto_passwordLogin""), ""aeHFOx8jV/A="")",Firefox 95.0,,,2021-12-22 00:19:13,2021-12-22 00:19:14,"0,383s",PASSED
"click(findTestObject(""Page_PSTO webMessenger/input_Zarejestruj konto_login""))",Firefox 95.0,,,2021-12-22 00:19:14,2021-12-22 00:19:14,"0,580s",PASSED
"click(findTestObject(""Page_PSTO webMessenger - Zalogowano/img_Zarejestruj konto_profile""))",Firefox 95.0,,,2021-12-22 00:19:14,2021-12-22 00:19:15,"0,849s",PASSED
"setEncryptedText(findTestObject(""Page_PSTO webMessenger - Zalogowano/input_Zmien haslo_oldPass""), ""tzH6RvlfSTg="")",Firefox 95.0,,,2021-12-22 00:19:15,2021-12-22 00:19:15,"0,451s",PASSED
"setEncryptedText(findTestObject(""Page_PSTO webMessenger - Zalogowano/input_Zmien haslo_editPass""), ""iGDxf8hSRT4="")",Firefox 95.0,,,2021-12-22 00:19:15,2021-12-22 00:19:16,"0,582s",PASSED
"setEncryptedText(findTestObject(""Page_PSTO webMessenger - Zalogowano/input_Zmien haslo_editPassRepeat""), ""iGDxf8hSRT4="")",Firefox 95.0,,,2021-12-22 00:19:16,2021-12-22 00:19:17,"0,424s",PASSED
"click(findTestObject(""Page_PSTO webMessenger - Zalogowano/input_Zmien haslo_changePassword""))",Firefox 95.0,,,2021-12-22 00:19:17,2021-12-22 00:19:17,"0,610s",PASSED
"verifyElementText(findTestObject(""Page_PSTO webMessenger - Zalogowano/p_Podane dotychczasowe haslo jest bledne""), ""PODANE DOTYCHCZASOWE HASŁO JEST BŁĘDNE!"")",Firefox 95.0,,,2021-12-22 00:19:17,2021-12-22 00:19:18,"0,451s",PASSED
closeBrowser(),Firefox 95.0,,,2021-12-22 00:19:18,2021-12-22 00:19:19,"1,370s",PASSED
,,,,,,,
Test Cases/komunikator testy edycja profilu/PE7,Firefox 95.0,,,2021-12-22 00:19:19,2021-12-22 00:19:34,"14,703s",PASSED
"openBrowser("""")",Firefox 95.0,,,2021-12-22 00:19:19,2021-12-22 00:19:25,"5,633s",PASSED
maximizeWindow(),Firefox 95.0,,,2021-12-22 00:19:25,2021-12-22 00:19:25,"0,362s",PASSED
"navigateToUrl(""http://kmg.hcm.pl/testowanie/index.html"")",Firefox 95.0,,,2021-12-22 00:19:25,2021-12-22 00:19:27,"1,481s",PASSED
"setText(findTestObject(""Object Repository/Page_PSTO webMessenger/input_Zarejestruj konto_userLogin""), ""ewelinaho"")",Firefox 95.0,,,2021-12-22 00:19:27,2021-12-22 00:19:28,"0,866s",PASSED
"setEncryptedText(findTestObject(""Object Repository/Page_PSTO webMessenger/input_Zarejestruj konto_passwordLogin""), ""aeHFOx8jV/A="")",Firefox 95.0,,,2021-12-22 00:19:28,2021-12-22 00:19:28,"0,441s",PASSED
"click(findTestObject(""Object Repository/Page_PSTO webMessenger/input_Zarejestruj konto_login""))",Firefox 95.0,,,2021-12-22 00:19:28,2021-12-22 00:19:29,"0,596s",PASSED
"click(findTestObject(""Page_PSTO webMessenger - Zalogowano/img_Zarejestruj konto_profile""))",Firefox 95.0,,,2021-12-22 00:19:29,2021-12-22 00:19:30,"0,758s",PASSED
"setText(findTestObject(""Page_PSTO webMessenger - Zalogowano/input_Zmien dane_editName""), ""Ewa"")",Firefox 95.0,,,2021-12-22 00:19:30,2021-12-22 00:19:30,"0,812s",PASSED
"scrollToElement(findTestObject(""Page_PSTO webMessenger - Zalogowano/input_Wybierz nowy avatar_editBttn""), 2)",Firefox 95.0,,,2021-12-22 00:19:30,2021-12-22 00:19:31,"0,403s",PASSED
"click(findTestObject(""Object Repository/Page_PSTO webMessenger - Zalogowano/input_Wybierz nowy avatar_editBttn""))",Firefox 95.0,,,2021-12-22 00:19:31,2021-12-22 00:19:31,"0,635s",PASSED
"value_text = getAttribute(findTestObject(""Page_PSTO webMessenger - Zalogowano/input_Zmien dane_editName""), ""value"")",Firefox 95.0,,,2021-12-22 00:19:31,2021-12-22 00:19:32,"0,617s",PASSED
"verifyEqual(""Ewa"", value_text)",Firefox 95.0,,,2021-12-22 00:19:32,2021-12-22 00:19:32,"0,013s",PASSED
closeBrowser(),Firefox 95.0,,,2021-12-22 00:19:32,2021-12-22 00:19:34,"1,572s",PASSED
,,,,,,,
Test Cases/komunikator testy edycja profilu/PE8,Firefox 95.0,,,2021-12-22 00:19:34,2021-12-22 00:19:49,"15,208s",FAILED
"openBrowser("""")",Firefox 95.0,,,2021-12-22 00:19:34,2021-12-22 00:19:40,"5,905s",PASSED
maximizeWindow(),Firefox 95.0,,,2021-12-22 00:19:40,2021-12-22 00:19:40,"0,307s",PASSED
"navigateToUrl(""http://kmg.hcm.pl/testowanie/index.html"")",Firefox 95.0,,,2021-12-22 00:19:40,2021-12-22 00:19:42,"1,723s",PASSED
"setText(findTestObject(""Object Repository/Page_PSTO webMessenger/input_Zarejestruj konto_userLogin""), ""ewelinaho"")",Firefox 95.0,,,2021-12-22 00:19:42,2021-12-22 00:19:43,"0,877s",PASSED
"setEncryptedText(findTestObject(""Object Repository/Page_PSTO webMessenger/input_Zarejestruj konto_passwordLogin""), ""aeHFOx8jV/A="")",Firefox 95.0,,,2021-12-22 00:19:43,2021-12-22 00:19:43,"0,459s",PASSED
"click(findTestObject(""Object Repository/Page_PSTO webMessenger/input_Zarejestruj konto_login""))",Firefox 95.0,,,2021-12-22 00:19:43,2021-12-22 00:19:44,"0,606s",PASSED
"click(findTestObject(""Page_PSTO webMessenger - Zalogowano/img_Zarejestruj konto_profile""))",Firefox 95.0,,,2021-12-22 00:19:44,2021-12-22 00:19:45,"0,826s",PASSED
"setText(findTestObject(""Page_PSTO webMessenger - Zalogowano/input_Zmien dane_editName""), ""987!+"")",Firefox 95.0,,,2021-12-22 00:19:45,2021-12-22 00:19:46,"0,733s",PASSED
"scrollToElement(findTestObject(""Page_PSTO webMessenger - Zalogowano/input_Wybierz nowy avatar_editBttn""), 2)",Firefox 95.0,,,2021-12-22 00:19:46,2021-12-22 00:19:46,"0,371s",PASSED
"click(findTestObject(""Object Repository/Page_PSTO webMessenger - Zalogowano/input_Wybierz nowy avatar_editBttn""))",Firefox 95.0,,,2021-12-22 00:19:46,2021-12-22 00:19:47,"0,591s",PASSED
"value_text = getAttribute(findTestObject(""Page_PSTO webMessenger - Zalogowano/input_Zmien dane_editName""), ""value"")",Firefox 95.0,,,2021-12-22 00:19:47,2021-12-22 00:19:47,"0,698s",PASSED
"verifyNotEqual(""987!+"", value_text, CONTINUE_ON_FAILURE)",Firefox 95.0,,,2021-12-22 00:19:47,2021-12-22 00:19:47,"0,004s",FAILED
closeBrowser(),Firefox 95.0,,,2021-12-22 00:19:47,2021-12-22 00:19:49,"1,553s",PASSED
,,,,,,,
Test Cases/komunikator testy edycja profilu/PE9,Firefox 95.0,,,2021-12-22 00:19:49,2021-12-22 00:20:04,"14,672s",PASSED
"openBrowser("""")",Firefox 95.0,,,2021-12-22 00:19:49,2021-12-22 00:19:55,"5,840s",PASSED
maximizeWindow(),Firefox 95.0,,,2021-12-22 00:19:55,2021-12-22 00:19:56,"0,355s",PASSED
"navigateToUrl(""http://kmg.hcm.pl/testowanie/index.html"")",Firefox 95.0,,,2021-12-22 00:19:56,2021-12-22 00:19:57,"1,363s",PASSED
"setText(findTestObject(""Object Repository/Page_PSTO webMessenger/input_Zarejestruj konto_userLogin""), ""ewelinaho"")",Firefox 95.0,,,2021-12-22 00:19:57,2021-12-22 00:19:58,"0,706s",PASSED
"setEncryptedText(findTestObject(""Object Repository/Page_PSTO webMessenger/input_Zarejestruj konto_passwordLogin""), ""aeHFOx8jV/A="")",Firefox 95.0,,,2021-12-22 00:19:58,2021-12-22 00:19:58,"0,396s",PASSED
"click(findTestObject(""Object Repository/Page_PSTO webMessenger/input_Zarejestruj konto_login""))",Firefox 95.0,,,2021-12-22 00:19:58,2021-12-22 00:19:59,"0,627s",PASSED
"click(findTestObject(""Page_PSTO webMessenger - Zalogowano/img_Zarejestruj konto_profile""))",Firefox 95.0,,,2021-12-22 00:19:59,2021-12-22 00:19:59,"0,774s",PASSED
"setText(findTestObject(""Page_PSTO webMessenger - Zalogowano/input_Zmien dane_editSurname""), ""Nowak"")",Firefox 95.0,,,2021-12-22 00:19:59,2021-12-22 00:20:00,"0,698s",PASSED
"scrollToElement(findTestObject(""Page_PSTO webMessenger - Zalogowano/input_Wybierz nowy avatar_editBttn""), 2)",Firefox 95.0,,,2021-12-22 00:20:00,2021-12-22 00:20:01,"0,360s",PASSED
"click(findTestObject(""Object Repository/Page_PSTO webMessenger - Zalogowano/input_Wybierz nowy avatar_editBttn""))",Firefox 95.0,,,2021-12-22 00:20:01,2021-12-22 00:20:01,"0,580s",PASSED
"value_text = getAttribute(findTestObject(""Page_PSTO webMessenger - Zalogowano/input_Zmien dane_editSurname""), ""value"")",Firefox 95.0,,,2021-12-22 00:20:01,2021-12-22 00:20:02,"0,924s",PASSED
"verifyEqual(""Nowak"", value_text)",Firefox 95.0,,,2021-12-22 00:20:02,2021-12-22 00:20:02,"0,003s",PASSED
closeBrowser(),Firefox 95.0,,,2021-12-22 00:20:02,2021-12-22 00:20:04,"1,516s",PASSED
,,,,,,,
Test Cases/komunikator testy edycja profilu/PE10,Firefox 95.0,,,2021-12-22 00:20:04,2021-12-22 00:20:18,"14,861s",FAILED
"openBrowser("""")",Firefox 95.0,,,2021-12-22 00:20:04,2021-12-22 00:20:09,"5,040s",PASSED
maximizeWindow(),Firefox 95.0,,,2021-12-22 00:20:09,2021-12-22 00:20:10,"0,537s",PASSED
"navigateToUrl(""http://kmg.hcm.pl/testowanie/index.html"")",Firefox 95.0,,,2021-12-22 00:20:10,2021-12-22 00:20:11,"1,483s",PASSED
"setText(findTestObject(""Object Repository/Page_PSTO webMessenger/input_Zarejestruj konto_userLogin""), ""ewelinaho"")",Firefox 95.0,,,2021-12-22 00:20:11,2021-12-22 00:20:12,"0,830s",PASSED
"setEncryptedText(findTestObject(""Object Repository/Page_PSTO webMessenger/input_Zarejestruj konto_passwordLogin""), ""aeHFOx8jV/A="")",Firefox 95.0,,,2021-12-22 00:20:12,2021-12-22 00:20:12,"0,395s",PASSED
"click(findTestObject(""Object Repository/Page_PSTO webMessenger/input_Zarejestruj konto_login""))",Firefox 95.0,,,2021-12-22 00:20:12,2021-12-22 00:20:13,"0,597s",PASSED
"click(findTestObject(""Page_PSTO webMessenger - Zalogowano/img_Zarejestruj konto_profile""))",Firefox 95.0,,,2021-12-22 00:20:13,2021-12-22 00:20:14,"0,825s",PASSED
"setText(findTestObject(""Page_PSTO webMessenger - Zalogowano/input_Zmien dane_editSurname""), ""987!+"")",Firefox 95.0,,,2021-12-22 00:20:14,2021-12-22 00:20:15,"0,899s",PASSED
"scrollToElement(findTestObject(""Page_PSTO webMessenger - Zalogowano/input_Wybierz nowy avatar_editBttn""), 2)",Firefox 95.0,,,2021-12-22 00:20:15,2021-12-22 00:20:15,"0,372s",PASSED
"click(findTestObject(""Object Repository/Page_PSTO webMessenger - Zalogowano/input_Wybierz nowy avatar_editBttn""))",Firefox 95.0,,,2021-12-22 00:20:15,2021-12-22 00:20:16,"0,606s",PASSED
"value_text = getAttribute(findTestObject(""Page_PSTO webMessenger - Zalogowano/input_Zmien dane_editSurname""), ""value"")",Firefox 95.0,,,2021-12-22 00:20:16,2021-12-22 00:20:17,"1,025s",PASSED
"verifyNotEqual(""987!+"", value_text, CONTINUE_ON_FAILURE)",Firefox 95.0,,,2021-12-22 00:20:17,2021-12-22 00:20:17,"0,002s",FAILED
closeBrowser(),Firefox 95.0,,,2021-12-22 00:20:17,2021-12-22 00:20:18,"1,649s",PASSED
,,,,,,,
Test Cases/komunikator testy edycja profilu/PE11,Firefox 95.0,,,2021-12-22 00:20:18,2021-12-22 00:20:33,"14,301s",PASSED
"openBrowser("""")",Firefox 95.0,,,2021-12-22 00:20:19,2021-12-22 00:20:24,"5,351s",PASSED
maximizeWindow(),Firefox 95.0,,,2021-12-22 00:20:24,2021-12-22 00:20:25,"0,381s",PASSED
"navigateToUrl(""http://kmg.hcm.pl/testowanie/index.html"")",Firefox 95.0,,,2021-12-22 00:20:25,2021-12-22 00:20:26,"1,415s",PASSED
"setText(findTestObject(""Object Repository/Page_PSTO webMessenger/input_Zarejestruj konto_userLogin""), ""ewelinaho"")",Firefox 95.0,,,2021-12-22 00:20:26,2021-12-22 00:20:27,"0,756s",PASSED
"setEncryptedText(findTestObject(""Object Repository/Page_PSTO webMessenger/input_Zarejestruj konto_passwordLogin""), ""aeHFOx8jV/A="")",Firefox 95.0,,,2021-12-22 00:20:27,2021-12-22 00:20:27,"0,395s",PASSED
"click(findTestObject(""Object Repository/Page_PSTO webMessenger/input_Zarejestruj konto_login""))",Firefox 95.0,,,2021-12-22 00:20:27,2021-12-22 00:20:28,"0,630s",PASSED
"click(findTestObject(""Page_PSTO webMessenger - Zalogowano/img_Zarejestruj konto_profile""))",Firefox 95.0,,,2021-12-22 00:20:28,2021-12-22 00:20:29,"0,783s",PASSED
"setText(findTestObject(""Page_PSTO webMessenger - Zalogowano/input_Zmien dane_editMail""), ""ewelina.holderna@gmail.com"")",Firefox 95.0,,,2021-12-22 00:20:29,2021-12-22 00:20:30,"0,867s",PASSED
"scrollToElement(findTestObject(""Page_PSTO webMessenger - Zalogowano/input_Wybierz nowy avatar_editBttn""), 2)",Firefox 95.0,,,2021-12-22 00:20:30,2021-12-22 00:20:30,"0,365s",PASSED
"click(findTestObject(""Object Repository/Page_PSTO webMessenger - Zalogowano/input_Wybierz nowy avatar_editBttn""))",Firefox 95.0,,,2021-12-22 00:20:30,2021-12-22 00:20:31,"0,610s",PASSED
"value_text = getAttribute(findTestObject(""Page_PSTO webMessenger - Zalogowano/input_Zmien dane_editMail""), ""value"")",Firefox 95.0,,,2021-12-22 00:20:31,2021-12-22 00:20:31,"0,555s",PASSED
"verifyMatch(value_text, ""^[\w-\.]+@([\w-]+\.)+[\w-]{2,4}$"", true)",Firefox 95.0,,,2021-12-22 00:20:31,2021-12-22 00:20:31,"0,002s",PASSED
closeBrowser(),Firefox 95.0,,,2021-12-22 00:20:31,2021-12-22 00:20:33,"1,587s",PASSED
,,,,,,,
Test Cases/komunikator testy edycja profilu/PE12,Firefox 95.0,,,2021-12-22 00:20:33,2021-12-22 00:20:47,"14,087s",FAILED
"openBrowser("""")",Firefox 95.0,,,2021-12-22 00:20:33,2021-12-22 00:20:39,"5,704s",PASSED
maximizeWindow(),Firefox 95.0,,,2021-12-22 00:20:39,2021-12-22 00:20:39,"0,302s",PASSED
"navigateToUrl(""http://kmg.hcm.pl/testowanie/index.html"")",Firefox 95.0,,,2021-12-22 00:20:39,2021-12-22 00:20:41,"1,507s",PASSED
"setText(findTestObject(""Object Repository/Page_PSTO webMessenger/input_Zarejestruj konto_userLogin""), ""ewelinaho"")",Firefox 95.0,,,2021-12-22 00:20:41,2021-12-22 00:20:42,"0,735s",PASSED
"setEncryptedText(findTestObject(""Object Repository/Page_PSTO webMessenger/input_Zarejestruj konto_passwordLogin""), ""aeHFOx8jV/A="")",Firefox 95.0,,,2021-12-22 00:20:42,2021-12-22 00:20:42,"0,393s",PASSED
"click(findTestObject(""Object Repository/Page_PSTO webMessenger/input_Zarejestruj konto_login""))",Firefox 95.0,,,2021-12-22 00:20:42,2021-12-22 00:20:43,"0,627s",PASSED
"click(findTestObject(""Page_PSTO webMessenger - Zalogowano/img_Zarejestruj konto_profile""))",Firefox 95.0,,,2021-12-22 00:20:43,2021-12-22 00:20:43,"0,777s",PASSED
"setText(findTestObject(""Page_PSTO webMessenger - Zalogowano/input_Zmien dane_editMail""), ""ewelina+gmail.com"")",Firefox 95.0,,,2021-12-22 00:20:43,2021-12-22 00:20:44,"0,716s",PASSED
"scrollToElement(findTestObject(""Page_PSTO webMessenger - Zalogowano/input_Wybierz nowy avatar_editBttn""), 2)",Firefox 95.0,,,2021-12-22 00:20:44,2021-12-22 00:20:44,"0,370s",PASSED
"click(findTestObject(""Object Repository/Page_PSTO webMessenger - Zalogowano/input_Wybierz nowy avatar_editBttn""))",Firefox 95.0,,,2021-12-22 00:20:44,2021-12-22 00:20:45,"0,581s",PASSED
"value_text = getAttribute(findTestObject(""Page_PSTO webMessenger - Zalogowano/input_Zmien dane_editMail""), ""value"")",Firefox 95.0,,,2021-12-22 00:20:45,2021-12-22 00:20:45,"0,395s",PASSED
"verifyMatch(value_text, ""^[\w-\.]+@([\w-]+\.)+[\w-]{2,4}$"", true, CONTINUE_ON_FAILURE)",Firefox 95.0,,,2021-12-22 00:20:45,2021-12-22 00:20:45,"0,004s",FAILED
closeBrowser(),Firefox 95.0,,,2021-12-22 00:20:45,2021-12-22 00:20:47,"1,423s",PASSED
,,,,,,,
Test Cases/komunikator testy edycja profilu/PE13,Firefox 95.0,,,2021-12-22 00:20:47,2021-12-22 00:21:01,"14,204s",PASSED
"openBrowser("""")",Firefox 95.0,,,2021-12-22 00:20:47,2021-12-22 00:20:52,"5,081s",PASSED
maximizeWindow(),Firefox 95.0,,,2021-12-22 00:20:52,2021-12-22 00:20:53,"0,312s",PASSED
"navigateToUrl(""http://kmg.hcm.pl/testowanie/index.html"")",Firefox 95.0,,,2021-12-22 00:20:53,2021-12-22 00:20:54,"1,457s",PASSED
"setText(findTestObject(""Object Repository/Page_PSTO webMessenger/input_Zarejestruj konto_userLogin""), ""ewelinaho"")",Firefox 95.0,,,2021-12-22 00:20:54,2021-12-22 00:20:55,"0,734s",PASSED
"setEncryptedText(findTestObject(""Object Repository/Page_PSTO webMessenger/input_Zarejestruj konto_passwordLogin""), ""aeHFOx8jV/A="")",Firefox 95.0,,,2021-12-22 00:20:55,2021-12-22 00:20:55,"0,386s",PASSED
"click(findTestObject(""Object Repository/Page_PSTO webMessenger/input_Zarejestruj konto_login""))",Firefox 95.0,,,2021-12-22 00:20:55,2021-12-22 00:20:56,"0,631s",PASSED
"click(findTestObject(""Page_PSTO webMessenger - Zalogowano/img_Zarejestruj konto_profile""))",Firefox 95.0,,,2021-12-22 00:20:56,2021-12-22 00:20:57,"0,804s",PASSED
"scrollToElement(findTestObject(""Page_PSTO webMessenger - Zalogowano/input_Zmien dane_editMiasto""), 2)",Firefox 95.0,,,2021-12-22 00:20:57,2021-12-22 00:20:57,"0,426s",PASSED
"setText(findTestObject(""Page_PSTO webMessenger - Zalogowano/input_Zmien dane_editMiasto""), ""Poznań"")",Firefox 95.0,,,2021-12-22 00:20:57,2021-12-22 00:20:58,"0,701s",PASSED
"scrollToElement(findTestObject(""Page_PSTO webMessenger - Zalogowano/input_Wybierz nowy avatar_editBttn""), 2)",Firefox 95.0,,,2021-12-22 00:20:58,2021-12-22 00:20:58,"0,431s",PASSED
"click(findTestObject(""Object Repository/Page_PSTO webMessenger - Zalogowano/input_Wybierz nowy avatar_editBttn""))",Firefox 95.0,,,2021-12-22 00:20:58,2021-12-22 00:20:59,"0,617s",PASSED
"value_text = getAttribute(findTestObject(""Page_PSTO webMessenger - Zalogowano/input_Zmien dane_editMiasto""), ""value"")",Firefox 95.0,,,2021-12-22 00:20:59,2021-12-22 00:20:59,"0,523s",PASSED
"verifyEqual(""Poznań"", value_text)",Firefox 95.0,,,2021-12-22 00:20:59,2021-12-22 00:20:59,"0,005s",PASSED
closeBrowser(),Firefox 95.0,,,2021-12-22 00:20:59,2021-12-22 00:21:01,"1,536s",PASSED
,,,,,,,
Test Cases/komunikator testy edycja profilu/PE14,Firefox 95.0,,,2021-12-22 00:21:01,2021-12-22 00:21:16,"14,741s",FAILED
"openBrowser("""")",Firefox 95.0,,,2021-12-22 00:21:02,2021-12-22 00:21:07,"5,460s",PASSED
maximizeWindow(),Firefox 95.0,,,2021-12-22 00:21:07,2021-12-22 00:21:07,"0,312s",PASSED
"navigateToUrl(""http://kmg.hcm.pl/testowanie/index.html"")",Firefox 95.0,,,2021-12-22 00:21:07,2021-12-22 00:21:09,"1,585s",PASSED
"setText(findTestObject(""Object Repository/Page_PSTO webMessenger/input_Zarejestruj konto_userLogin""), ""ewelinaho"")",Firefox 95.0,,,2021-12-22 00:21:09,2021-12-22 00:21:10,"0,726s",PASSED
"setEncryptedText(findTestObject(""Object Repository/Page_PSTO webMessenger/input_Zarejestruj konto_passwordLogin""), ""aeHFOx8jV/A="")",Firefox 95.0,,,2021-12-22 00:21:10,2021-12-22 00:21:10,"0,410s",PASSED
"click(findTestObject(""Object Repository/Page_PSTO webMessenger/input_Zarejestruj konto_login""))",Firefox 95.0,,,2021-12-22 00:21:10,2021-12-22 00:21:11,"0,622s",PASSED
"click(findTestObject(""Page_PSTO webMessenger - Zalogowano/img_Zarejestruj konto_profile""))",Firefox 95.0,,,2021-12-22 00:21:11,2021-12-22 00:21:11,"0,799s",PASSED
"scrollToElement(findTestObject(""Page_PSTO webMessenger - Zalogowano/input_Zmien dane_editMiasto""), 2)",Firefox 95.0,,,2021-12-22 00:21:11,2021-12-22 00:21:12,"0,414s",PASSED
"setText(findTestObject(""Page_PSTO webMessenger - Zalogowano/input_Zmien dane_editMiasto""), ""/*-+11"")",Firefox 95.0,,,2021-12-22 00:21:12,2021-12-22 00:21:13,"0,715s",PASSED
"scrollToElement(findTestObject(""Page_PSTO webMessenger - Zalogowano/input_Wybierz nowy avatar_editBttn""), 2)",Firefox 95.0,,,2021-12-22 00:21:13,2021-12-22 00:21:13,"0,449s",PASSED
"click(findTestObject(""Object Repository/Page_PSTO webMessenger - Zalogowano/input_Wybierz nowy avatar_editBttn""))",Firefox 95.0,,,2021-12-22 00:21:13,2021-12-22 00:21:14,"0,594s",PASSED
"value_text = getAttribute(findTestObject(""Page_PSTO webMessenger - Zalogowano/input_Zmien dane_editMiasto""), ""value"")",Firefox 95.0,,,2021-12-22 00:21:14,2021-12-22 00:21:14,"0,410s",PASSED
"verifyNotEqual(""/*-+11"", value_text, CONTINUE_ON_FAILURE)",Firefox 95.0,,,2021-12-22 00:21:14,2021-12-22 00:21:14,"0,004s",FAILED
closeBrowser(),Firefox 95.0,,,2021-12-22 00:21:14,2021-12-22 00:21:16,"1,672s",PASSED
,,,,,,,
Test Cases/komunikator testy edycja profilu/PE15,Firefox 95.0,,,2021-12-22 00:21:16,2021-12-22 00:21:34,"18,454s",PASSED
"openBrowser("""")",Firefox 95.0,,,2021-12-22 00:21:16,2021-12-22 00:21:21,"4,795s",PASSED
maximizeWindow(),Firefox 95.0,,,2021-12-22 00:21:21,2021-12-22 00:21:22,"0,415s",PASSED
"navigateToUrl(""http://kmg.hcm.pl/testowanie/index.html"")",Firefox 95.0,,,2021-12-22 00:21:22,2021-12-22 00:21:24,"2,806s",PASSED
"setText(findTestObject(""Object Repository/Page_PSTO webMessenger/input_Zarejestruj konto_userLogin""), ""ewelinaho"")",Firefox 95.0,,,2021-12-22 00:21:24,2021-12-22 00:21:25,"0,742s",PASSED
"setEncryptedText(findTestObject(""Object Repository/Page_PSTO webMessenger/input_Zarejestruj konto_passwordLogin""), ""aeHFOx8jV/A="")",Firefox 95.0,,,2021-12-22 00:21:25,2021-12-22 00:21:25,"0,384s",PASSED
"click(findTestObject(""Object Repository/Page_PSTO webMessenger/input_Zarejestruj konto_login""))",Firefox 95.0,,,2021-12-22 00:21:25,2021-12-22 00:21:26,"0,591s",PASSED
"click(findTestObject(""Page_PSTO webMessenger - Zalogowano/img_Zarejestruj konto_profile""))",Firefox 95.0,,,2021-12-22 00:21:26,2021-12-22 00:21:29,"3,409s",PASSED
"scrollToElement(findTestObject(""Page_PSTO webMessenger - Zalogowano/textarea_Zmie dane_editOSobie""), 2)",Firefox 95.0,,,2021-12-22 00:21:29,2021-12-22 00:21:30,"0,381s",PASSED
"setText(findTestObject(""Page_PSTO webMessenger - Zalogowano/textarea_Zmie dane_editOSobie""), ""Mam na imię Ewelina. Mieszkam w Poznaniu."")",Firefox 95.0,,,2021-12-22 00:21:30,2021-12-22 00:21:31,"1,347s",PASSED
"scrollToElement(findTestObject(""Page_PSTO webMessenger - Zalogowano/input_Wybierz nowy avatar_editBttn""), 2)",Firefox 95.0,,,2021-12-22 00:21:31,2021-12-22 00:21:32,"0,375s",PASSED
"click(findTestObject(""Object Repository/Page_PSTO webMessenger - Zalogowano/input_Wybierz nowy avatar_editBttn""))",Firefox 95.0,,,2021-12-22 00:21:32,2021-12-22 00:21:32,"0,613s",PASSED
"value_text = getAttribute(findTestObject(""Page_PSTO webMessenger - Zalogowano/textarea_Zmie dane_editOSobie""), ""value"")",Firefox 95.0,,,2021-12-22 00:21:32,2021-12-22 00:21:33,"0,421s",PASSED
"verifyEqual(""Mam na imię Ewelina. Mieszkam w Poznaniu."", value_text)",Firefox 95.0,,,2021-12-22 00:21:33,2021-12-22 00:21:33,"0,003s",PASSED
closeBrowser(),Firefox 95.0,,,2021-12-22 00:21:33,2021-12-22 00:21:34,"1,604s",PASSED
,,,,,,,
Test Cases/komunikator testy edycja profilu/PE16,Firefox 95.0,,,2021-12-22 00:21:34,2021-12-22 00:21:51,"16,476s",PASSED
"openBrowser("""")",Firefox 95.0,,,2021-12-22 00:21:35,2021-12-22 00:21:40,"5,204s",PASSED
maximizeWindow(),Firefox 95.0,,,2021-12-22 00:21:40,2021-12-22 00:21:41,"0,382s",PASSED
"navigateToUrl(""http://kmg.hcm.pl/testowanie/index.html"")",Firefox 95.0,,,2021-12-22 00:21:41,2021-12-22 00:21:42,"1,453s",PASSED
"setText(findTestObject(""Object Repository/Page_PSTO webMessenger/input_Zarejestruj konto_userLogin""), ""ewelinaho"")",Firefox 95.0,,,2021-12-22 00:21:42,2021-12-22 00:21:43,"0,761s",PASSED
"setEncryptedText(findTestObject(""Object Repository/Page_PSTO webMessenger/input_Zarejestruj konto_passwordLogin""), ""aeHFOx8jV/A="")",Firefox 95.0,,,2021-12-22 00:21:43,2021-12-22 00:21:43,"0,426s",PASSED
"click(findTestObject(""Object Repository/Page_PSTO webMessenger/input_Zarejestruj konto_login""))",Firefox 95.0,,,2021-12-22 00:21:43,2021-12-22 00:21:44,"0,646s",PASSED
"click(findTestObject(""Object Repository/Page_PSTO webMessenger - Zalogowano/div_Zarejestruj konto_icon""))",Firefox 95.0,,,2021-12-22 00:21:44,2021-12-22 00:21:45,"0,857s",PASSED
"click(findTestObject(""Page_PSTO webMessenger - Zalogowano/img_Zarejestruj konto_profile""))",Firefox 95.0,,,2021-12-22 00:21:45,2021-12-22 00:21:45,"0,590s",PASSED
"selectOptionByValue(findTestObject(""Page_PSTO webMessenger - Zalogowano/select_wiek""), ""20"", true)",Firefox 95.0,,,2021-12-22 00:21:45,2021-12-22 00:21:48,"2,477s",PASSED
"scrollToElement(findTestObject(""Page_PSTO webMessenger - Zalogowano/input_Wybierz nowy avatar_editBttn""), 2)",Firefox 95.0,,,2021-12-22 00:21:48,2021-12-22 00:21:48,"0,350s",PASSED
"click(findTestObject(""Object Repository/Page_PSTO webMessenger - Zalogowano/input_Wybierz nowy avatar_editBttn""))",Firefox 95.0,,,2021-12-22 00:21:48,2021-12-22 00:21:49,"0,583s",PASSED
"wiek = getAttribute(findTestObject(""Page_PSTO webMessenger - Zalogowano/select_wiek""), ""value"")",Firefox 95.0,,,2021-12-22 00:21:49,2021-12-22 00:21:49,"0,395s",PASSED
"verifyEqual(wiek, ""20"")",Firefox 95.0,,,2021-12-22 00:21:49,2021-12-22 00:21:49,"0,010s",PASSED
closeBrowser(),Firefox 95.0,,,2021-12-22 00:21:49,2021-12-22 00:21:51,"1,522s",PASSED
,,,,,,,
Test Cases/komunikator testy edycja profilu/PE17,Firefox 95.0,,,2021-12-22 00:21:51,2021-12-22 00:22:06,"15,107s",PASSED
"openBrowser("""")",Firefox 95.0,,,2021-12-22 00:21:51,2021-12-22 00:21:57,"5,369s",PASSED
maximizeWindow(),Firefox 95.0,,,2021-12-22 00:21:57,2021-12-22 00:21:57,"0,375s",PASSED
"navigateToUrl(""http://kmg.hcm.pl/testowanie/index.html"")",Firefox 95.0,,,2021-12-22 00:21:57,2021-12-22 00:21:58,"1,497s",PASSED
"setText(findTestObject(""Object Repository/Page_PSTO webMessenger/input_Zarejestruj konto_userLogin""), ""ewelinaho"")",Firefox 95.0,,,2021-12-22 00:21:58,2021-12-22 00:21:59,"0,746s",PASSED
"setEncryptedText(findTestObject(""Object Repository/Page_PSTO webMessenger/input_Zarejestruj konto_passwordLogin""), ""aeHFOx8jV/A="")",Firefox 95.0,,,2021-12-22 00:21:59,2021-12-22 00:22:00,"0,397s",PASSED
"click(findTestObject(""Object Repository/Page_PSTO webMessenger/input_Zarejestruj konto_login""))",Firefox 95.0,,,2021-12-22 00:22:00,2021-12-22 00:22:00,"0,618s",PASSED
"click(findTestObject(""Page_PSTO webMessenger - Zalogowano/img_Zarejestruj konto_profile""))",Firefox 95.0,,,2021-12-22 00:22:00,2021-12-22 00:22:01,"0,736s",PASSED
"scrollToElement(findTestObject(""Page_PSTO webMessenger - Zalogowano/select_plec""), 2)",Firefox 95.0,,,2021-12-22 00:22:01,2021-12-22 00:22:01,"0,430s",PASSED
"selectOptionByValue(findTestObject(""Page_PSTO webMessenger - Zalogowano/select_plec""), ""1"", true)",Firefox 95.0,,,2021-12-22 00:22:01,2021-12-22 00:22:03,"1,225s",PASSED
"scrollToElement(findTestObject(""Page_PSTO webMessenger - Zalogowano/input_Wybierz nowy avatar_editBttn""), 2)",Firefox 95.0,,,2021-12-22 00:22:03,2021-12-22 00:22:03,"0,374s",PASSED
"click(findTestObject(""Object Repository/Page_PSTO webMessenger - Zalogowano/input_Wybierz nowy avatar_editBttn""))",Firefox 95.0,,,2021-12-22 00:22:03,2021-12-22 00:22:04,"0,766s",PASSED
"plec = getAttribute(findTestObject(""Page_PSTO webMessenger - Zalogowano/select_plec""), ""value"")",Firefox 95.0,,,2021-12-22 00:22:04,2021-12-22 00:22:04,"0,396s",PASSED
"verifyEqual(plec, ""1"")",Firefox 95.0,,,2021-12-22 00:22:04,2021-12-22 00:22:04,"0,003s",PASSED
closeBrowser(),Firefox 95.0,,,2021-12-22 00:22:04,2021-12-22 00:22:06,"1,658s",PASSED
,,,,,,,
Test Cases/komunikator testy edycja profilu/PE18,Firefox 95.0,,,2021-12-22 00:22:06,2021-12-22 00:22:21,"15,414s",PASSED
"openBrowser("""")",Firefox 95.0,,,2021-12-22 00:22:06,2021-12-22 00:22:12,"5,915s",PASSED
maximizeWindow(),Firefox 95.0,,,2021-12-22 00:22:12,2021-12-22 00:22:13,"0,397s",PASSED
"navigateToUrl(""http://kmg.hcm.pl/testowanie/index.html"")",Firefox 95.0,,,2021-12-22 00:22:13,2021-12-22 00:22:14,"1,372s",PASSED
"setText(findTestObject(""Object Repository/Page_PSTO webMessenger/input_Zarejestruj konto_userLogin""), ""ewelinaho"")",Firefox 95.0,,,2021-12-22 00:22:14,2021-12-22 00:22:15,"0,744s",PASSED
"setEncryptedText(findTestObject(""Object Repository/Page_PSTO webMessenger/input_Zarejestruj konto_passwordLogin""), ""aeHFOx8jV/A="")",Firefox 95.0,,,2021-12-22 00:22:15,2021-12-22 00:22:15,"0,414s",PASSED
"click(findTestObject(""Object Repository/Page_PSTO webMessenger/input_Zarejestruj konto_login""))",Firefox 95.0,,,2021-12-22 00:22:15,2021-12-22 00:22:16,"0,584s",PASSED
"click(findTestObject(""Page_PSTO webMessenger - Zalogowano/img_Zarejestruj konto_profile""))",Firefox 95.0,,,2021-12-22 00:22:16,2021-12-22 00:22:17,"0,894s",PASSED
"scrollToElement(findTestObject(""Page_PSTO webMessenger - Zalogowano/input_Pe_editTelefon""), 2)",Firefox 95.0,,,2021-12-22 00:22:17,2021-12-22 00:22:17,"0,397s",PASSED
"setText(findTestObject(""Page_PSTO webMessenger - Zalogowano/input_Pe_editTelefon""), ""123456789"")",Firefox 95.0,,,2021-12-22 00:22:17,2021-12-22 00:22:18,"0,669s",PASSED
"scrollToElement(findTestObject(""Page_PSTO webMessenger - Zalogowano/input_Wybierz nowy avatar_editBttn""), 2)",Firefox 95.0,,,2021-12-22 00:22:18,2021-12-22 00:22:18,"0,473s",PASSED
"click(findTestObject(""Object Repository/Page_PSTO webMessenger - Zalogowano/input_Wybierz nowy avatar_editBttn""))",Firefox 95.0,,,2021-12-22 00:22:18,2021-12-22 00:22:19,"1,068s",PASSED
"value_text = getAttribute(findTestObject(""Page_PSTO webMessenger - Zalogowano/input_Pe_editTelefon""), ""value"")",Firefox 95.0,,,2021-12-22 00:22:19,2021-12-22 00:22:20,"0,430s",PASSED
"verifyEqual(""123456789"", value_text)",Firefox 95.0,,,2021-12-22 00:22:20,2021-12-22 00:22:20,"0,000s",PASSED
closeBrowser(),Firefox 95.0,,,2021-12-22 00:22:20,2021-12-22 00:22:21,"1,546s",PASSED
,,,,,,,
Test Cases/komunikator testy edycja profilu/PE19,Firefox 95.0,,,2021-12-22 00:22:21,2021-12-22 00:22:36,"14,528s",PASSED
"openBrowser("""")",Firefox 95.0,,,2021-12-22 00:22:22,2021-12-22 00:22:27,"5,563s",PASSED
maximizeWindow(),Firefox 95.0,,,2021-12-22 00:22:27,2021-12-22 00:22:28,"0,275s",PASSED
"navigateToUrl(""http://kmg.hcm.pl/testowanie/index.html"")",Firefox 95.0,,,2021-12-22 00:22:28,2021-12-22 00:22:29,"1,500s",PASSED
"setText(findTestObject(""Object Repository/Page_PSTO webMessenger/input_Zarejestruj konto_userLogin""), ""ewelinaho"")",Firefox 95.0,,,2021-12-22 00:22:29,2021-12-22 00:22:30,"0,734s",PASSED
"setEncryptedText(findTestObject(""Object Repository/Page_PSTO webMessenger/input_Zarejestruj konto_passwordLogin""), ""aeHFOx8jV/A="")",Firefox 95.0,,,2021-12-22 00:22:30,2021-12-22 00:22:30,"0,445s",PASSED
"click(findTestObject(""Object Repository/Page_PSTO webMessenger/input_Zarejestruj konto_login""))",Firefox 95.0,,,2021-12-22 00:22:30,2021-12-22 00:22:31,"0,601s",PASSED
"click(findTestObject(""Page_PSTO webMessenger - Zalogowano/img_Zarejestruj konto_profile""))",Firefox 95.0,,,2021-12-22 00:22:31,2021-12-22 00:22:32,"0,771s",PASSED
"scrollToElement(findTestObject(""Page_PSTO webMessenger - Zalogowano/input_Pe_editTelefon""), 2)",Firefox 95.0,,,2021-12-22 00:22:32,2021-12-22 00:22:32,"0,393s",PASSED
"setText(findTestObject(""Page_PSTO webMessenger - Zalogowano/input_Pe_editTelefon""), ""+48 123456789"")",Firefox 95.0,,,2021-12-22 00:22:32,2021-12-22 00:22:33,"0,685s",PASSED
"scrollToElement(findTestObject(""Page_PSTO webMessenger - Zalogowano/input_Wybierz nowy avatar_editBttn""), 2)",Firefox 95.0,,,2021-12-22 00:22:33,2021-12-22 00:22:33,"0,377s",PASSED
"click(findTestObject(""Object Repository/Page_PSTO webMessenger - Zalogowano/input_Wybierz nowy avatar_editBttn""))",Firefox 95.0,,,2021-12-22 00:22:33,2021-12-22 00:22:34,"0,613s",PASSED
"value_text = getAttribute(findTestObject(""Page_PSTO webMessenger - Zalogowano/input_Pe_editTelefon""), ""value"")",Firefox 95.0,,,2021-12-22 00:22:34,2021-12-22 00:22:34,"0,504s",PASSED
"verifyEqual(""+48 123456789"", value_text)",Firefox 95.0,,,2021-12-22 00:22:34,2021-12-22 00:22:34,"0,001s",PASSED
closeBrowser(),Firefox 95.0,,,2021-12-22 00:22:34,2021-12-22 00:22:36,"1,500s",PASSED
,,,,,,,
Test Cases/komunikator testy edycja profilu/PE20,Firefox 95.0,,,2021-12-22 00:22:36,2021-12-22 00:22:51,"15,671s",FAILED
"openBrowser("""")",Firefox 95.0,,,2021-12-22 00:22:36,2021-12-22 00:22:42,"5,671s",PASSED
maximizeWindow(),Firefox 95.0,,,2021-12-22 00:22:42,2021-12-22 00:22:42,"0,322s",PASSED
"navigateToUrl(""http://kmg.hcm.pl/testowanie/index.html"")",Firefox 95.0,,,2021-12-22 00:22:42,2021-12-22 00:22:44,"1,615s",PASSED
"setText(findTestObject(""Object Repository/Page_PSTO webMessenger/input_Zarejestruj konto_userLogin""), ""ewelinaho"")",Firefox 95.0,,,2021-12-22 00:22:44,2021-12-22 00:22:45,"0,722s",PASSED
"setEncryptedText(findTestObject(""Object Repository/Page_PSTO webMessenger/input_Zarejestruj konto_passwordLogin""), ""aeHFOx8jV/A="")",Firefox 95.0,,,2021-12-22 00:22:45,2021-12-22 00:22:45,"0,388s",PASSED
"click(findTestObject(""Object Repository/Page_PSTO webMessenger/input_Zarejestruj konto_login""))",Firefox 95.0,,,2021-12-22 00:22:45,2021-12-22 00:22:46,"0,587s",PASSED
"click(findTestObject(""Page_PSTO webMessenger - Zalogowano/img_Zarejestruj konto_profile""))",Firefox 95.0,,,2021-12-22 00:22:46,2021-12-22 00:22:46,"0,784s",PASSED
"scrollToElement(findTestObject(""Page_PSTO webMessenger - Zalogowano/input_Pe_editTelefon""), 2)",Firefox 95.0,,,2021-12-22 00:22:46,2021-12-22 00:22:47,"0,419s",PASSED
"setText(findTestObject(""Page_PSTO webMessenger - Zalogowano/input_Pe_editTelefon""), ""abcdefghijk!@"")",Firefox 95.0,,,2021-12-22 00:22:47,2021-12-22 00:22:47,"0,684s",PASSED
"scrollToElement(findTestObject(""Page_PSTO webMessenger - Zalogowano/input_Wybierz nowy avatar_editBttn""), 2)",Firefox 95.0,,,2021-12-22 00:22:47,2021-12-22 00:22:48,"0,380s",PASSED
"click(findTestObject(""Object Repository/Page_PSTO webMessenger - Zalogowano/input_Wybierz nowy avatar_editBttn""))",Firefox 95.0,,,2021-12-22 00:22:48,2021-12-22 00:22:48,"0,627s",PASSED
"value_text = getAttribute(findTestObject(""Page_PSTO webMessenger - Zalogowano/input_Pe_editTelefon""), ""value"")",Firefox 95.0,,,2021-12-22 00:22:48,2021-12-22 00:22:50,"1,438s",PASSED
"verifyNotEqual(""abcdefghijk!@"", value_text, CONTINUE_ON_FAILURE)",Firefox 95.0,,,2021-12-22 00:22:50,2021-12-22 00:22:50,"0,002s",FAILED
closeBrowser(),Firefox 95.0,,,2021-12-22 00:22:50,2021-12-22 00:22:51,"1,503s",PASSED
,,,,,,,
Test Cases/komunikator testy edycja profilu/PE21,Firefox 95.0,,,2021-12-22 00:22:51,2021-12-22 00:23:06,"14,568s",PASSED
"openBrowser("""")",Firefox 95.0,,,2021-12-22 00:22:52,2021-12-22 00:22:57,"5,230s",PASSED
maximizeWindow(),Firefox 95.0,,,2021-12-22 00:22:57,2021-12-22 00:22:57,"0,285s",PASSED
"navigateToUrl(""http://kmg.hcm.pl/testowanie/index.html"")",Firefox 95.0,,,2021-12-22 00:22:57,2021-12-22 00:22:59,"1,544s",PASSED
"setText(findTestObject(""Object Repository/Page_PSTO webMessenger/input_Zarejestruj konto_userLogin""), ""ewelinaho"")",Firefox 95.0,,,2021-12-22 00:22:59,2021-12-22 00:23:00,"0,718s",PASSED
"setEncryptedText(findTestObject(""Object Repository/Page_PSTO webMessenger/input_Zarejestruj konto_passwordLogin""), ""aeHFOx8jV/A="")",Firefox 95.0,,,2021-12-22 00:23:00,2021-12-22 00:23:00,"0,399s",PASSED
"click(findTestObject(""Object Repository/Page_PSTO webMessenger/input_Zarejestruj konto_login""))",Firefox 95.0,,,2021-12-22 00:23:00,2021-12-22 00:23:01,"0,618s",PASSED
"click(findTestObject(""Page_PSTO webMessenger - Zalogowano/img_Zarejestruj konto_profile""))",Firefox 95.0,,,2021-12-22 00:23:01,2021-12-22 00:23:02,"0,795s",PASSED
"scrollToElement(findTestObject(""Page_PSTO webMessenger - Zalogowano/input_Pe_editWww""), 2)",Firefox 95.0,,,2021-12-22 00:23:02,2021-12-22 00:23:02,"0,449s",PASSED
"setText(findTestObject(""Page_PSTO webMessenger - Zalogowano/input_Pe_editWww""), ""https://www.wp.pl/"")",Firefox 95.0,,,2021-12-22 00:23:02,2021-12-22 00:23:03,"0,685s",PASSED
"scrollToElement(findTestObject(""Page_PSTO webMessenger - Zalogowano/input_Wybierz nowy avatar_editBttn""), 2)",Firefox 95.0,,,2021-12-22 00:23:03,2021-12-22 00:23:03,"0,407s",PASSED
"click(findTestObject(""Object Repository/Page_PSTO webMessenger - Zalogowano/input_Wybierz nowy avatar_editBttn""))",Firefox 95.0,,,2021-12-22 00:23:03,2021-12-22 00:23:04,"0,608s",PASSED
"value_text = getAttribute(findTestObject(""Page_PSTO webMessenger - Zalogowano/input_Pe_editWww""), ""value"")",Firefox 95.0,,,2021-12-22 00:23:04,2021-12-22 00:23:04,"0,552s",PASSED
"verifyMatch(value_text, ""(https?:\/\/(?:www\.|(?!www))[a-zA-Z0-9][a-zA-Z0-9-]+[a-zA-Z0-9]\.[^\s]{2,}|www\.[a-zA-Z0-9][a-zA-Z0-9-]+[a-zA-Z0-9]\.[^\s]{2,}|https?:\/\/(?:www\.|(?!www))[a-zA-Z0-9]+\.[^\s]{2,}|www\.[a-zA-Z0-9]+\.[^\s]{2,})"", true)",Firefox 95.0,,,2021-12-22 00:23:04,2021-12-22 00:23:04,"0,001s",PASSED
closeBrowser(),Firefox 95.0,,,2021-12-22 00:23:04,2021-12-22 00:23:06,"1,757s",PASSED
,,,,,,,
Test Cases/komunikator testy edycja profilu/PE22,Firefox 95.0,,,2021-12-22 00:23:06,2021-12-22 00:23:21,"14,985s",FAILED
"openBrowser("""")",Firefox 95.0,,,2021-12-22 00:23:07,2021-12-22 00:23:12,"5,708s",PASSED
maximizeWindow(),Firefox 95.0,,,2021-12-22 00:23:12,2021-12-22 00:23:13,"0,310s",PASSED
"navigateToUrl(""http://kmg.hcm.pl/testowanie/index.html"")",Firefox 95.0,,,2021-12-22 00:23:13,2021-12-22 00:23:14,"1,565s",PASSED
"setText(findTestObject(""Object Repository/Page_PSTO webMessenger/input_Zarejestruj konto_userLogin""), ""ewelinaho"")",Firefox 95.0,,,2021-12-22 00:23:14,2021-12-22 00:23:15,"0,712s",PASSED
"setEncryptedText(findTestObject(""Object Repository/Page_PSTO webMessenger/input_Zarejestruj konto_passwordLogin""), ""aeHFOx8jV/A="")",Firefox 95.0,,,2021-12-22 00:23:15,2021-12-22 00:23:15,"0,410s",PASSED
"click(findTestObject(""Object Repository/Page_PSTO webMessenger/input_Zarejestruj konto_login""))",Firefox 95.0,,,2021-12-22 00:23:15,2021-12-22 00:23:16,"0,613s",PASSED
"click(findTestObject(""Page_PSTO webMessenger - Zalogowano/img_Zarejestruj konto_profile""))",Firefox 95.0,,,2021-12-22 00:23:16,2021-12-22 00:23:17,"0,811s",PASSED
"scrollToElement(findTestObject(""Page_PSTO webMessenger - Zalogowano/input_Pe_editWww""), 2)",Firefox 95.0,,,2021-12-22 00:23:17,2021-12-22 00:23:17,"0,424s",PASSED
"setText(findTestObject(""Page_PSTO webMessenger - Zalogowano/input_Pe_editWww""), ""/*-789"")",Firefox 95.0,,,2021-12-22 00:23:17,2021-12-22 00:23:18,"0,682s",PASSED
"scrollToElement(findTestObject(""Page_PSTO webMessenger - Zalogowano/input_Wybierz nowy avatar_editBttn""), 2)",Firefox 95.0,,,2021-12-22 00:23:18,2021-12-22 00:23:18,"0,374s",PASSED
"click(findTestObject(""Object Repository/Page_PSTO webMessenger - Zalogowano/input_Wybierz nowy avatar_editBttn""))",Firefox 95.0,,,2021-12-22 00:23:18,2021-12-22 00:23:19,"0,606s",PASSED
"value_text = getAttribute(findTestObject(""Page_PSTO webMessenger - Zalogowano/input_Pe_editWww""), ""value"")",Firefox 95.0,,,2021-12-22 00:23:19,2021-12-22 00:23:19,"0,545s",PASSED
"verifyMatch(value_text, ""(https?:\/\/(?:www\.|(?!www))[a-zA-Z0-9][a-zA-Z0-9-]+[a-zA-Z0-9]\.[^\s]{2,}|www\.[a-zA-Z0-9][a-zA-Z0-9-]+[a-zA-Z0-9]\.[^\s]{2,}|https?:\/\/(?:www\.|(?!www))[a-zA-Z0-9]+\.[^\s]{2,}|www\.[a-zA-Z0-9]+\.[^\s]{2,})"", true, CONTINUE_ON_FAILURE)",Firefox 95.0,,,2021-12-22 00:23:19,2021-12-22 00:23:19,"0,002s",FAILED
closeBrowser(),Firefox 95.0,,,2021-12-22 00:23:19,2021-12-22 00:23:21,"1,646s",PASSED
